[
    {
        "image_id": 101,
        "image_url": "https://images.pexels.com/photos/59519/pexels-photo-59519.jpeg?auto=compress&cs=tinysrgb&dpr=2&h=650&w=940",
        "Opportunity_Id": "300000002513897",
        "Document_Tag_Name": "DOC-000033",
        "Document_Name": "Travel.jpg"
    },
    {
        "image_id": 102,
        "image_url": "https://images.pexels.com/photos/100582/pexels-photo-100582.jpeg?auto=compress&cs=tinysrgb&h=650&w=940",
        "Opportunity_Id": "300000002513897",
        "Document_Tag_Name": "DOC-000034",
        "Document_Name": "Bike.png"
    },
    {
        "image_id": 103,
        "image_url": "https://images.pexels.com/photos/248797/pexels-photo-248797.jpeg?auto=compress&cs=tinysrgb&dpr=2&h=650&w=940",
        "Opportunity_Id": "300000002513897",
        "Document_Tag_Name": "DOC-000033",
        "Document_Name": "15fab0d45cc7.jpg"
    },
    {
        "image_id": 104,
        "image_url": "https://images.pexels.com/photos/127073/pexels-photo-127073.jpeg?auto=compress&cs=tinysrgb&dpr=2&h=650&w=940",
        "Opportunity_Id": "300000002513897",
        "Document_Tag_Name": "DOC-000033",
        "Document_Name": "12.jpg"
    },
    {
        "image_id": 105,
        "image_url": "https://images.pexels.com/photos/127070/pexels-photo-127070.jpeg?auto=compress&cs=tinysrgb&dpr=2&h=650&w=940",
        "Opportunity_Id": "300000002513897",
        "Document_Tag_Name": "DOC-000033",
        "Document_Name": "Test.png"
    },
    
    {
        "image_id": 106,
        "image_url": "https://images.pexels.com/photos/1045535/pexels-photo-1045535.jpeg?auto=compress&cs=tinysrgb&h=650&w=940",
        "Opportunity_Id": "300000002513897",
        "Document_Tag_Name": "DOC-000035",
        "Document_Name": "Bike.png"
    },
    {
        "image_id": 106,
        "image_url": "https://images.pexels.com/photos/1045535/pexels-photo-1045535.jpeg?auto=compress&cs=tinysrgb&h=650&w=940",
        "Opportunity_Id": "300000002513897",
        "Document_Tag_Name": "DOC-000035",
        "Document_Name": "Bike.png"
    }
    
]